"DESCRIPTION","DURATION IN MS","NAME","PARENT SUITE","START TIME","STATUS","STOP TIME","SUB SUITE","SUITE","TEST CLASS","TEST METHOD"
"","1575","Verify that as an admin, clinic info cannot be saved when clinic name is cleared","chromium","2026-09-30","passed","2026-09-30","Admin dashboard — negative scenarios","ui/negative.spec.ts","",""
"","1664","Verify that as a staff user, adding a patient is blocked when required name fields are empty","chromium","2026-09-30","passed","2026-09-30","Staff dashboard — negative scenarios","ui/negative.spec.ts","",""
"","1957","Verify that as an admin, I can log out to the login page","chromium","2026-09-30","passed","2026-09-30","Admin dashboard","ui/admin.spec.ts","",""
"","1491","Verify that as an admin, an empty-state row is shown when search finds no patients","chromium","2026-09-30","passed","2026-09-30","Admin dashboard — negative scenarios","ui/negative.spec.ts","",""
"","1085","Verify that as a staff user, I am redirected to the staff dashboard after login","chromium","2026-09-30","passed","2026-09-30","Login","ui/login.spec.ts","",""
"","4507","Verify that as an admin, I can update the clinic tagline on the public site","chromium","2026-09-30","passed","2026-09-30","Admin dashboard","ui/admin.spec.ts","",""
"","3076","Verify that the floating-lines banner background is rendered","chromium","2026-09-30","passed","2026-09-30","Public clinic site - banner and content","ui/public.spec.ts","",""
"","3278","authenticate staff user","setup","2026-09-30","passed","2026-09-30","","auth.setup.ts","",""
"","9996","Verify that the Office Hours menu link scrolls to the hours section","chromium","2026-09-30","passed","2026-09-30","Public clinic site - card navigation","ui/public.spec.ts","",""
"","937","Verify that as an admin, clinic info cannot be saved when email format is invalid","chromium","2026-09-30","passed","2026-09-30","Admin dashboard — negative scenarios","ui/negative.spec.ts","",""
"","2042","Verify that as an admin, I am redirected to the admin dashboard after login","chromium","2026-09-30","passed","2026-09-30","Login","ui/login.spec.ts","",""
"","5584","Verify that as a staff, I can switch to edit mode from the view overlay","chromium","2026-09-30","passed","2026-09-30","Staff dashboard","ui/staff.spec.ts","",""
"","4126","Verify that the card navigation menu is collapsed by default","chromium","2026-09-30","passed","2026-09-30","Public clinic site - card navigation","ui/public.spec.ts","",""
"","644","GET doctors is public and includes seed doctors","chromium","2026-09-30","passed","2026-09-30","Doctors API","api/supabase.spec.ts","",""
"","1261","Verify that as an admin, I can switch to the doctors sidebar section","chromium","2026-09-30","passed","2026-09-30","Admin dashboard","ui/admin.spec.ts","",""
"","1523","authenticate admin user","setup","2026-09-30","passed","2026-09-30","","auth.setup.ts","",""
"","5123","Verify that as an admin, I can delete a patient","chromium","2026-09-30","passed","2026-09-30","Admin dashboard","ui/admin.spec.ts","",""
"","5492","Verify that the services section lists the clinic offerings","chromium","2026-09-30","passed","2026-09-30","Public clinic site - banner and content","ui/public.spec.ts","",""
"","1145","Verify that as an admin, I can switch between clinic and patients sidebar sections","chromium","2026-09-30","passed","2026-09-30","Admin dashboard","ui/admin.spec.ts","",""
"","12736","Verify that the hamburger toggle expands and collapses the card menu","chromium","2026-09-30","passed","2026-09-30","Public clinic site - card navigation","ui/public.spec.ts","",""
"","1551","Verify that as a staff user, non-date search input shows a validation error","chromium","2026-09-30","passed","2026-09-30","Staff dashboard — negative scenarios","ui/negative.spec.ts","",""
"","4985","Verify that as a staff, I can open the add visit overlay from Add Visit","chromium","2026-09-30","passed","2026-09-30","Staff dashboard","ui/staff.spec.ts","",""
"","1535","Verify that as a staff user, ISO date of birth format shows a validation error","chromium","2026-09-30","passed","2026-09-30","Staff dashboard — negative scenarios","ui/negative.spec.ts","",""
"","744","GET clinic_info is public","chromium","2026-09-30","passed","2026-09-30","Clinic API","api/supabase.spec.ts","",""
"","5974","Verify that as a staff, I can close the add visit overlay with Cancel","chromium","2026-09-30","passed","2026-09-30","Staff dashboard","ui/staff.spec.ts","",""
"","5632","Verify that as a staff, I can dismiss success toast notifications","chromium","2026-09-30","passed","2026-09-30","Staff dashboard","ui/staff.spec.ts","",""
"","5284","Verify that the contact nav link scrolls to the contact section","chromium","2026-09-30","passed","2026-09-30","Public clinic site","ui/public.spec.ts","",""
"","2603","staff can create a patient but not delete via REST","chromium","2026-09-30","passed","2026-09-30","Patients API","api/supabase.spec.ts","",""
"","5513","Verify that as a staff user, the add visit overlay stays open and an error toast is shown when visit save fails","chromium","2026-09-30","passed","2026-09-30","Staff dashboard — negative scenarios","ui/negative.spec.ts","",""
"","5791","Verify that the public site displays clinic name and contact info","chromium","2026-09-30","passed","2026-09-30","Public clinic site","ui/public.spec.ts","",""
"","1607","Verify that as an admin, I can see the clinic form and patient table","chromium","2026-09-30","passed","2026-09-30","Admin dashboard","ui/admin.spec.ts","",""
"","368","Verify that login submit is blocked when email and password are empty","chromium","2026-09-30","passed","2026-09-30","Login — negative scenarios","ui/negative.spec.ts","",""
"","4506","Verify that as an admin, I can add a new patient","chromium","2026-09-30","passed","2026-09-30","Admin dashboard","ui/admin.spec.ts","",""
"","375","Verify that an unauthenticated user is redirected from the staff dashboard to login","chromium","2026-09-30","passed","2026-09-30","Route protection — negative scenarios","ui/negative.spec.ts","",""
"","8099","Verify that as a staff, I can add a visit history record","chromium","2026-09-30","passed","2026-09-30","Staff dashboard","ui/staff.spec.ts","",""
"","1533","Verify that as a staff, I see a validation error for invalid date of birth in search","chromium","2026-09-30","passed","2026-09-30","Staff dashboard","ui/staff.spec.ts","",""
"","1950","Verify that as a staff, I can see View and Add Visit actions for each patient row","chromium","2026-09-30","passed","2026-09-30","Staff dashboard","ui/staff.spec.ts","",""
"","1564","Verify that as an admin, I can paginate the patient list","chromium","2026-09-30","skipped","2026-09-30","Admin dashboard","ui/admin.spec.ts","",""
"","1587","Verify that as an admin, a patient cannot be saved when required name fields are empty","chromium","2026-09-30","passed","2026-09-30","Admin dashboard — negative scenarios","ui/negative.spec.ts","",""
"","4273","Verify that the welcome gallery displays clinic imagery","chromium","2026-09-30","passed","2026-09-30","Public clinic site - banner and content","ui/public.spec.ts","",""
"","5249","Verify that as a staff, I can update a patient phone number","chromium","2026-09-30","passed","2026-09-30","Staff dashboard","ui/staff.spec.ts","",""
"","4912","Verify that as an admin, I can edit an existing doctor","chromium","2026-09-30","passed","2026-09-30","Admin dashboard","ui/admin.spec.ts","",""
"","703","GET patients without auth returns empty or unauthorized","chromium","2026-09-30","passed","2026-09-30","Clinic API","api/supabase.spec.ts","",""
"","1738","Verify that a staff user cannot stay on the admin dashboard","chromium","2026-09-30","passed","2026-09-30","Route protection — negative scenarios > authenticated staff","ui/negative.spec.ts","",""
"","2184","Verify that as a staff user, adding a patient is blocked when email format is invalid","chromium","2026-09-30","passed","2026-09-30","Staff dashboard — negative scenarios","ui/negative.spec.ts","",""
"","740","password grant returns access token","chromium","2026-09-30","passed","2026-09-30","Auth API","api/supabase.spec.ts","",""
"","4593","Verify that as an admin, I can search patients by name","chromium","2026-09-30","passed","2026-09-30","Admin dashboard","ui/admin.spec.ts","",""
"","1546","Verify that as a staff user, an impossible date of birth shows a validation error","chromium","2026-09-30","passed","2026-09-30","Staff dashboard — negative scenarios","ui/negative.spec.ts","",""
"","2267","Verify that as an admin, a patient cannot be saved when email format is invalid","chromium","2026-09-30","passed","2026-09-30","Admin dashboard — negative scenarios","ui/negative.spec.ts","",""
"","326","invalid password returns 400","chromium","2026-09-30","passed","2026-09-30","Auth API","api/supabase.spec.ts","",""
"","5609","Verify that the banner Contact Us button scrolls to the contact section","chromium","2026-09-30","passed","2026-09-30","Public clinic site - banner and content","ui/public.spec.ts","",""
"","5675","Verify that as a staff user, add visit field errors clear after the user provides a value","chromium","2026-09-30","passed","2026-09-30","Staff dashboard — negative scenarios","ui/negative.spec.ts","",""
"","7113","Verify that as a staff, I can open the view overlay in read-only mode from View","chromium","2026-09-30","passed","2026-09-30","Staff dashboard","ui/staff.spec.ts","",""
"","3192","Verify that as an admin, I can add a new doctor","chromium","2026-09-30","passed","2026-09-30","Admin dashboard","ui/admin.spec.ts","",""
"","1700","Verify that as a staff, I can paginate the patient list","chromium","2026-09-30","passed","2026-09-30","Staff dashboard","ui/staff.spec.ts","",""
"","368","Verify that login submit is blocked when email format is invalid","chromium","2026-09-30","passed","2026-09-30","Login — negative scenarios","ui/negative.spec.ts","",""
"","5470","Verify that the Get in Touch CTA scrolls to the contact section","chromium","2026-09-30","passed","2026-09-30","Public clinic site - banner and content","ui/public.spec.ts","",""
"","4902","Verify that as an admin, I can delete a newly added doctor without removing seed doctors","chromium","2026-09-30","passed","2026-09-30","Admin dashboard","ui/admin.spec.ts","",""
"","4950","Verify that as a staff, I can close the add visit overlay with the close button","chromium","2026-09-30","passed","2026-09-30","Staff dashboard","ui/staff.spec.ts","",""
"","6679","Verify that as a staff, I can search patients by name","chromium","2026-09-30","passed","2026-09-30","Staff dashboard","ui/staff.spec.ts","",""
"","6662","Verify that as an admin, I can edit an existing patient","chromium","2026-09-30","passed","2026-09-30","Admin dashboard","ui/admin.spec.ts","",""
"","5503","Verify that as an admin, I can add a doctor with a profile picture","chromium","2026-09-30","passed","2026-09-30","Admin dashboard","ui/admin.spec.ts","",""
"","3471","Verify that as a staff, I can clear search filters","chromium","2026-09-30","passed","2026-09-30","Staff dashboard","ui/staff.spec.ts","",""
"","7578","Verify that the public site navigates to staff login","chromium","2026-09-30","passed","2026-09-30","Public clinic site","ui/public.spec.ts","",""
"","1875","admin can create, update, and delete a doctor without removing seed doctors","chromium","2026-09-30","passed","2026-09-30","Doctors API","api/supabase.spec.ts","",""
"","5018","Verify that as a staff, I can close the view overlay with the close button","chromium","2026-09-30","passed","2026-09-30","Staff dashboard","ui/staff.spec.ts","",""
"","641","Verify that an invalid login shows a specific error message","chromium","2026-09-30","passed","2026-09-30","Login — negative scenarios","ui/negative.spec.ts","",""
"","4627","Verify that as a staff user, the edit overlay stays open and an error toast is shown when patient save fails","chromium","2026-09-30","passed","2026-09-30","Staff dashboard — negative scenarios","ui/negative.spec.ts","",""
"","4515","Verify that as a staff user, add visit shows inline errors when required fields are empty","chromium","2026-09-30","passed","2026-09-30","Staff dashboard — negative scenarios","ui/negative.spec.ts","",""
"","6138","Verify that as a staff user, patient details cannot be saved when required name fields are cleared in edit mode","chromium","2026-09-30","passed","2026-09-30","Staff dashboard — negative scenarios","ui/negative.spec.ts","",""
"","5606","Verify that as a staff, I can list patients in a table and see details","chromium","2026-09-30","passed","2026-09-30","Staff dashboard","ui/staff.spec.ts","",""
"","7504","Verify that as an admin, I can update clinic contact info on the public site","chromium","2026-09-30","passed","2026-09-30","Admin dashboard","ui/admin.spec.ts","",""
"","9137","Verify that as a staff, I can add a visit with a selected dentist and without notes","chromium","2026-09-30","passed","2026-09-30","Staff dashboard","ui/staff.spec.ts","",""
"","3170","staff cannot create or delete doctors via REST","chromium","2026-09-30","passed","2026-09-30","Doctors API","api/supabase.spec.ts","",""
"","347","Verify that an unauthenticated user is redirected from the admin dashboard to login","chromium","2026-09-30","passed","2026-09-30","Route protection — negative scenarios","ui/negative.spec.ts","",""
"","5419","Verify that the banner Services button scrolls to the services section","chromium","2026-09-30","passed","2026-09-30","Public clinic site - banner and content","ui/public.spec.ts","",""
"","3435","Verify that as an admin, a patient is not deleted when the confirmation dialog is dismissed","chromium","2026-09-30","passed","2026-09-30","Admin dashboard — negative scenarios","ui/negative.spec.ts","",""
"","1547","Verify that as a staff user, an empty-state row is shown when search finds no patients","chromium","2026-09-30","passed","2026-09-30","Staff dashboard — negative scenarios","ui/negative.spec.ts","",""
"","10045","Verify that the card menu exposes the primary navigation links","chromium","2026-09-30","passed","2026-09-30","Public clinic site - card navigation","ui/public.spec.ts","",""
"","1103","staff can list patients with JWT","chromium","2026-09-30","passed","2026-09-30","Patients API","api/supabase.spec.ts","",""
"","2088","Verify that as a staff, I can see the sidebar drawer and patients section title","chromium","2026-09-30","passed","2026-09-30","Staff dashboard","ui/staff.spec.ts","",""
"","9752","Verify that the Services menu link scrolls to the services section","chromium","2026-09-30","passed","2026-09-30","Public clinic site - card navigation","ui/public.spec.ts","",""
"","5724","Verify that as a staff, the dentist field is a dropdown populated from doctors","chromium","2026-09-30","passed","2026-09-30","Staff dashboard","ui/staff.spec.ts","",""
"","4114","Verify that after logout, I am returned to the login page","chromium","2026-09-30","passed","2026-09-30","Login","ui/login.spec.ts","",""
"","1699","Verify that as a staff, I can close the add patient modal without saving","chromium","2026-09-30","passed","2026-09-30","Staff dashboard","ui/staff.spec.ts","",""
"","5789","Verify that as a staff user, add visit shows an inline error when only dentist is missing","chromium","2026-09-30","passed","2026-09-30","Staff dashboard — negative scenarios","ui/negative.spec.ts","",""
"","3624","Verify that as a staff, I can search patients by date of birth","chromium","2026-09-30","passed","2026-09-30","Staff dashboard","ui/staff.spec.ts","",""
